{
  "export_timestamp": "2026-02-12T01:45:54.689746",
  "total_turns": 1001,
  "memories": [
    {
      "memory_id": "mem_46b9786c",
      "type": "preference",
      "key": "preference_communicate_in_kanna",
      "value": "communicate in kannada",
      "source_turn": 1,
      "confidence": 0.85,
      "created_at": "2026-02-12T01:45:39.597254",
      "last_accessed_turn": 1001,
      "access_count": 1006,
      "embedding": null,
      "metadata": null
    },
    {
      "memory_id": "mem_8ccdf369",
      "type": "preference",
      "key": "preference_kannada",
      "value": "kannada",
      "source_turn": 1,
      "confidence": 0.85,
      "created_at": "2026-02-12T01:45:39.597254",
      "last_accessed_turn": 1001,
      "access_count": 1006,
      "embedding": null,
      "metadata": null
    },
    {
      "memory_id": "mem_60997eb5",
      "type": "fact",
      "key": "user_rajesh_and_i_prefer_",
      "value": "rajesh and i prefer to communicate in kannada",
      "source_turn": 1,
      "confidence": 0.8,
      "created_at": "2026-02-12T01:45:39.597254",
      "last_accessed_turn": 1000,
      "access_count": 165,
      "embedding": null,
      "metadata": null
    },
    {
      "memory_id": "mem_c95d7a42",
      "type": "fact",
      "key": "user_tcs_in_bangalore_as_",
      "value": "tcs in bangalore as a software engineer",
      "source_turn": 2,
      "confidence": 0.8,
      "created_at": "2026-02-12T01:45:39.642642",
      "last_accessed_turn": 1001,
      "access_count": 912,
      "embedding": null,
      "metadata": null
    },
    {
      "memory_id": "mem_8b43621e",
      "type": "preference",
      "key": "preference_call_me_after_11_am",
      "value": "call me after 11 am",
      "source_turn": 3,
      "confidence": 0.85,
      "created_at": "2026-02-12T01:45:39.659999",
      "last_accessed_turn": 1001,
      "access_count": 1004,
      "embedding": null,
      "metadata": null
    },
    {
      "memory_id": "mem_e62e019d",
      "type": "fact",
      "key": "user_not_available_in_the",
      "value": "not available in the mornings",
      "source_turn": 3,
      "confidence": 0.8,
      "created_at": "2026-02-12T01:45:39.659999",
      "last_accessed_turn": null,
      "access_count": 0,
      "embedding": null,
      "metadata": null
    },
    {
      "memory_id": "mem_30d293ed",
      "type": "preference",
      "key": "preference_recommend_restaurant",
      "value": "recommend restaurants that serve them",
      "source_turn": 4,
      "confidence": 0.85,
      "created_at": "2026-02-12T01:45:39.690643",
      "last_accessed_turn": null,
      "access_count": 0,
      "embedding": null,
      "metadata": null
    },
    {
      "memory_id": "mem_f709e358",
      "type": "fact",
      "key": "user_allergic_to_peanuts",
      "value": "allergic to peanuts",
      "source_turn": 4,
      "confidence": 0.8,
      "created_at": "2026-02-12T01:45:39.690643",
      "last_accessed_turn": null,
      "access_count": 0,
      "embedding": null,
      "metadata": null
    },
    {
      "memory_id": "mem_c4e434c9",
      "type": "fact",
      "key": "user_peanuts",
      "value": "peanuts",
      "source_turn": 4,
      "confidence": 0.8,
      "created_at": "2026-02-12T01:45:39.690643",
      "last_accessed_turn": null,
      "access_count": 0,
      "embedding": null,
      "metadata": null
    },
    {
      "memory_id": "mem_d8f9a9f7",
      "type": "commitment",
      "key": "commitment_0",
      "value": "march 15",
      "source_turn": 5,
      "confidence": 0.75,
      "created_at": "2026-02-12T01:45:39.731568",
      "last_accessed_turn": null,
      "access_count": 0,
      "embedding": null,
      "metadata": null
    },
    {
      "memory_id": "mem_81c8001c",
      "type": "preference",
      "key": "preference_formal_communication",
      "value": "formal communication in work contexts",
      "source_turn": 6,
      "confidence": 0.85,
      "created_at": "2026-02-12T01:45:39.754359",
      "last_accessed_turn": null,
      "access_count": 0,
      "embedding": null,
      "metadata": null
    },
    {
      "memory_id": "mem_7cdd15db",
      "type": "commitment",
      "key": "commitment_0",
      "value": "3 pm",
      "source_turn": 7,
      "confidence": 0.75,
      "created_at": "2026-02-12T01:45:39.770166",
      "last_accessed_turn": null,
      "access_count": 0,
      "embedding": null,
      "metadata": null
    },
    {
      "memory_id": "mem_bb03b090",
      "type": "commitment",
      "key": "commitment_1",
      "value": "friday 3 pm",
      "source_turn": 7,
      "confidence": 0.75,
      "created_at": "2026-02-12T01:45:39.770166",
      "last_accessed_turn": null,
      "access_count": 0,
      "embedding": null,
      "metadata": null
    },
    {
      "memory_id": "mem_b91cc93d",
      "type": "fact",
      "key": "user_training_for_a_marat",
      "value": "training for a marathon",
      "source_turn": 8,
      "confidence": 0.8,
      "created_at": "2026-02-12T01:45:39.796849",
      "last_accessed_turn": null,
      "access_count": 0,
      "embedding": null,
      "metadata": null
    },
    {
      "memory_id": "mem_f9719630",
      "type": "preference",
      "key": "preference_schedule_anything_on",
      "value": "schedule anything on sundays - that's family time",
      "source_turn": 9,
      "confidence": 0.85,
      "created_at": "2026-02-12T01:45:39.823752",
      "last_accessed_turn": 1001,
      "access_count": 934,
      "embedding": null,
      "metadata": null
    },
    {
      "memory_id": "mem_706067c1",
      "type": "fact",
      "key": "user_vegetarian_and_prefe",
      "value": "vegetarian and prefer south indian cuisine",
      "source_turn": 10,
      "confidence": 0.8,
      "created_at": "2026-02-12T01:45:39.845969",
      "last_accessed_turn": null,
      "access_count": 0,
      "embedding": null,
      "metadata": null
    }
  ]
}